Gender,Married,Dependents,Education,Self_Employed,Loan_Amount_Term,Credit_History,Loan_Status,EMI_to_Income,LoanAmount_log,TotalIncome_log,ApplicantIncome_log,Property_Area_Rural,Property_Area_Semiurban,Property_Area_Urban
1.0,0.0,0,1,0.0,360.0,1.0,1,,,8.674196940225903,8.674196940225903,False,False,True
1.0,1.0,1,1,0.0,360.0,1.0,0,0.05837392145059195,4.859812404361672,8.714731714015052,8.430327258394575,True,False,False
1.0,1.0,0,1,1.0,360.0,1.0,1,0.061111111111111116,4.204692619390966,8.006700845440367,8.006700845440367,False,False,True
1.0,1.0,0,0,0.0,360.0,1.0,1,0.067462726843419,4.795790545596741,8.505525386548555,7.857093864902493,False,False,True
1.0,0.0,0,1,0.0,360.0,1.0,1,0.06527777777777778,4.955827057601261,8.699681400989514,8.699681400989514,False,False,True
1.0,1.0,2,1,1.0,360.0,1.0,1,0.07715246714518534,5.5909869805108565,9.170975648453906,8.59748202264504,False,False,True
1.0,1.0,0,0,0.0,360.0,1.0,1,0.06856037643255103,4.564348191467836,8.25582842728183,7.755338812846501,False,False,True
1.0,1.0,3,1,0.0,360.0,0.0,0,0.07922182109907742,5.0689042022202315,8.61993026886735,8.01862546504575,False,True,False
1.0,1.0,2,1,0.0,360.0,1.0,1,0.08435767654856592,5.1298987149230735,8.618485442898109,8.295798110636145,False,False,True
1.0,1.0,1,1,0.0,360.0,1.0,0,0.04071756245304063,5.857933154483459,10.077860939480908,9.460476328353995,False,True,False
1.0,1.0,2,1,0.0,360.0,1.0,1,0.04985754985754986,4.2626798770413155,8.268988209506656,8.071218539969863,False,False,True
1.0,1.0,2,1,,360.0,1.0,1,0.06976446492575525,4.700480365792417,8.375860015299594,7.824445930877619,False,False,True
1.0,1.0,2,1,0.0,360.0,1.0,1,0.04969635526930455,5.303304908059076,9.32188174670909,8.03073492409854,False,False,True
1.0,0.0,0,1,0.0,360.0,1.0,0,0.06747638326585695,4.74493212836325,8.454040376410969,7.5251007461258,True,False,False
1.0,1.0,2,1,0.0,120.0,1.0,1,0.0593990216631726,2.8903717578961645,7.777373602657861,7.170119543449628,False,False,True
1.0,0.0,0,1,0.0,360.0,1.0,1,0.07014590347923681,4.836281906951478,8.507344855361422,8.507344855361422,False,False,True
1.0,0.0,1,0,0.0,240.0,,1,0.11586948461253245,4.61512051684126,8.187855443695623,8.187855443695623,False,False,True
0.0,0.0,0,1,0.0,360.0,0.0,0,0.06014561570117126,4.343805421853684,8.163656176168432,8.163656176168432,False,False,True
1.0,1.0,0,0,0.0,360.0,1.0,0,0.07559738990064344,4.897839799950911,8.494538500851432,8.494538500851432,True,False,False
1.0,1.0,0,1,,,1.0,1,,4.7535901911063645,8.716207971151853,7.8636512654486515,False,False,True
1.0,1.0,0,0,0.0,360.0,0.0,0,0.037713954163040325,4.653960350157523,8.94389780251682,8.94389780251682,False,False,True
1.0,1.0,1,1,0.0,360.0,1.0,1,0.07556131260794473,5.755742213586912,9.357121103184378,8.6921543938039,False,False,True
1.0,1.0,0,0,0.0,360.0,0.0,0,0.07143033079632503,4.762173934797756,8.414495793177895,7.8636512654486515,False,True,False
,1.0,2,0,0.0,360.0,0.0,0,0.058900248222474645,4.727387818712341,8.572249397164315,8.121480374750751,True,False,False
1.0,1.0,1,1,,360.0,,0,0.0631503228612533,5.0238805208462765,8.80131894766524,8.220941168281389,False,True,False
1.0,1.0,0,1,1.0,360.0,1.0,1,0.055497443049744306,5.2574953720277815,9.165447603085447,9.165447603085447,False,True,False
1.0,1.0,0,1,0.0,360.0,1.0,1,0.06708014427729393,4.812184355372417,8.527737405291909,7.937374696163295,False,True,False
1.0,1.0,2,0,0.0,360.0,1.0,1,0.05802422247541883,4.709530201312334,8.569216219483389,8.34924780056679,False,False,True
1.0,0.0,0,0,0.0,360.0,1.0,0,0.0674217907227616,3.58351893845611,7.274479558773871,7.274479558773871,False,False,True
0.0,0.0,2,1,,360.0,1.0,1,0.05714612263557917,4.795790545596741,8.671458150427666,8.229777750081887,False,True,False
1.0,1.0,1,1,,360.0,,0,0.07409865074098651,5.308267697401205,8.927446816256198,8.334951631422454,False,False,True
1.0,0.0,0,1,0.0,360.0,1.0,0,0.0649054485492755,4.31748811353631,8.060855752934316,8.060855752934316,False,False,True
1.0,0.0,1,1,1.0,360.0,1.0,0,0.0627545704272047,4.672828834461906,8.453827315794417,8.453827315794417,True,False,False
1.0,1.0,0,1,0.0,360.0,1.0,1,0.06128636862137927,4.74493212836325,8.550241045462437,8.160803920954665,False,True,False
1.0,0.0,3,1,0.0,360.0,1.0,0,0.05734767025089606,5.771441123130016,9.648659816955295,9.433563920090563,True,False,False
1.0,1.0,0,1,0.0,360.0,1.0,1,,,8.376320632534823,7.730174795246222,False,False,True
1.0,1.0,0,1,0.0,,0.0,0,,4.61512051684126,8.058010800802085,7.511524648390866,False,False,True
0.0,1.0,0,1,0.0,360.0,1.0,1,0.07803355442840422,4.976733742420574,8.5422759717837,8.207401833376355,False,True,False
1.0,0.0,0,1,0.0,360.0,1.0,1,0.0449288951398656,5.220355825078324,9.339349052539717,8.334951631422454,False,False,True
1.0,0.0,0,0,0.0,360.0,1.0,1,0.056417200065649105,4.709530201312334,8.597297435657898,8.229244416735913,False,True,False
1.0,0.0,0,1,0.0,360.0,1.0,0,0.0617283950617284,4.394449154672439,8.188966863648876,8.188966863648876,False,False,True
1.0,0.0,0,1,0.0,360.0,1.0,1,0.04333075192683556,3.871201010907891,8.01102337918644,7.496097345175956,False,False,True
1.0,1.0,0,1,0.0,360.0,,1,0.08680555555555557,4.330733340286331,7.783640596221253,7.783640596221253,False,False,True
1.0,1.0,0,1,0.0,360.0,1.0,1,0.05929938222434638,4.90527477843843,8.744806737401898,8.279443487712665,False,True,False
1.0,1.0,0,0,1.0,,1.0,1,,4.574710978503383,8.454466361507933,8.454466361507933,False,False,True
0.0,0.0,0,1,0.0,,1.0,1,,4.48863636973214,8.134760782418645,8.134760782418645,False,False,True
1.0,1.0,1,1,0.0,360.0,1.0,1,0.02163608111563502,3.8066624897703196,8.639410824140487,8.639410824140487,False,False,True
1.0,1.0,0,1,0.0,360.0,1.0,1,0.0687167153410067,4.976733742420574,8.669399124305569,8.669399124305569,False,False,True
0.0,1.0,0,1,0.0,360.0,0.0,0,0.05477951246233908,4.795790545596741,8.713746330456916,7.880804344674901,False,False,True
0.0,0.0,0,1,0.0,360.0,1.0,1,0.06374501992031872,4.976733742420574,8.744488113852924,8.294299608857235,False,True,False
0.0,1.0,0,0,0.0,360.0,1.0,1,0.07776533532412591,4.61512051684126,8.181160858023409,7.564757012905729,False,True,False
0.0,0.0,0,1,0.0,360.0,1.0,1,0.1080146899978397,4.795790545596741,8.034955024502159,8.034955024502159,False,True,False
0.0,0.0,0,1,0.0,360.0,1.0,0,0.07354872603099553,4.727387818712341,8.350193650720067,8.350193650720067,False,True,False
1.0,1.0,2,1,0.0,360.0,1.0,0,0.08063739649528211,4.90527477843843,8.43750042250699,8.43750042250699,False,False,True
0.0,1.0,1,1,1.0,360.0,0.0,0,0.06908212560386473,5.659482215759621,9.350189267092581,9.350189267092581,False,False,True
1.0,1.0,2,1,0.0,360.0,1.0,1,0.06953405017921148,4.584967478670572,8.262558973010657,7.904334842085095,False,True,False
1.0,1.0,0,1,0.0,360.0,1.0,1,0.07162682424568001,4.574710978503383,8.222553638396958,7.665284718471351,False,True,False
1.0,1.0,0,1,0.0,360.0,1.0,0,0.06737333812432626,4.912654885736052,8.624611588183507,8.121777419161074,True,False,False
1.0,1.0,1,1,0.0,360.0,1.0,1,0.0484027105517909,5.198497031265826,9.242904362849446,8.997270906233448,False,False,True
1.0,1.0,2,0,0.0,360.0,1.0,1,0.06435006435006435,4.976733742420574,8.735042754269337,8.119100837637486,False,False,True
1.0,1.0,0,1,0.0,360.0,1.0,1,0.05294366793731469,4.795790545596741,8.747828608488742,7.824445930877619,False,False,True
1.0,1.0,3,1,0.0,360.0,1.0,1,0.09078903928689336,4.605170185988092,8.016317898503415,8.016317898503415,False,False,True
1.0,1.0,0,0,1.0,180.0,0.0,0,0.1513150654781556,5.111987788356544,8.70930004894499,7.867105500316739,True,False,False
1.0,1.0,1,1,0.0,360.0,0.0,0,,,8.506334448081361,8.506334448081361,True,False,False
0.0,0.0,0,1,0.0,360.0,0.0,0,0.0773457086467168,4.762173934797756,8.334951631422454,8.334951631422454,False,True,False
1.0,1.0,0,1,0.0,360.0,1.0,0,0.06943771598359331,5.556828061699537,9.242032818708672,8.652947112393857,False,True,False
1.0,0.0,0,0,0.0,180.0,0.0,0,0.12834616795012835,4.844187086458591,8.604287898267172,8.071218539969863,False,False,True
1.0,1.0,1,1,0.0,360.0,1.0,1,0.08062015503875969,5.746203190540153,9.282754052485227,9.282754052485227,False,False,True
1.0,1.0,3,0,1.0,60.0,1.0,1,0.2934272300469484,4.836281906951478,8.867990898182093,8.867990898182093,False,False,True
0.0,0.0,0,1,0.0,360.0,0.0,0,0.08785529715762273,4.919980925828125,8.366602832783736,8.366602832783736,False,True,False
1.0,1.0,0,1,0.0,360.0,1.0,1,0.07615202068501399,5.153291594497779,8.744328763999984,8.073714641109857,False,False,True
1.0,1.0,2,0,1.0,360.0,1.0,1,0.07185185185185186,4.584967478670572,8.229777750081887,7.53689712956617,False,True,False
1.0,0.0,0,1,0.0,300.0,1.0,1,0.07714285714285714,4.406719247264253,8.160803920954665,8.160803920954665,False,True,False
1.0,1.0,3,0,0.0,,0.0,0,,4.564348191467836,8.467162257810672,8.467162257810672,False,True,False
1.0,1.0,3,1,1.0,360.0,1.0,1,0.07378472222222222,5.236441962829949,8.859505484519133,8.569216219483389,False,True,False
1.0,0.0,0,1,0.0,480.0,1.0,0,0.06277777777777778,4.736198448394496,8.229777750081887,8.229777750081887,False,False,True
1.0,0.0,0,1,0.0,360.0,1.0,0,0.05751633986928105,5.176149732573829,9.04793908261736,8.229777750081887,False,False,True
1.0,1.0,1,1,1.0,360.0,1.0,0,0.07597104812420576,4.709530201312334,8.299783171949787,6.90875477931522,False,False,True
1.0,1.0,3,1,0.0,300.0,0.0,0,0.08371703641691085,5.198497031265826,8.877381954654766,8.060855752934316,False,True,False
1.0,1.0,3,0,1.0,360.0,,1,0.06566850538481744,4.875197323201151,8.612503371220562,8.111928063310739,False,True,False
0.0,0.0,0,1,0.0,360.0,1.0,1,0.08016987346160513,4.718498871295094,8.255048902752295,8.255048902752295,False,True,False
1.0,1.0,1,1,1.0,360.0,1.0,1,,,7.78155595923534,7.78155595923534,False,True,False
0.0,1.0,2,1,0.0,360.0,1.0,0,0.1423408680235928,5.123963979403259,8.089482474360754,7.229113877793302,False,False,True
1.0,1.0,0,1,0.0,360.0,,0,0.08922558922558922,5.583496308781699,9.018089684104343,8.699681400989514,False,True,False
1.0,1.0,1,1,0.0,240.0,1.0,1,0.05224005349381478,3.9318256327243257,8.291295851905407,8.291295851905407,False,False,True
1.0,0.0,0,1,0.0,360.0,1.0,1,0.07714473714065301,4.919980925828125,8.496582237512113,7.769378609513984,False,True,False
1.0,1.0,2,0,0.0,360.0,,1,0.0515657228576786,4.605170185988092,8.58185670474196,8.111928063310739,False,True,False
1.0,1.0,0,1,0.0,360.0,1.0,1,0.062557143544584,4.653960350157523,8.437933510430605,7.824445930877619,False,True,False
1.0,0.0,0,1,0.0,360.0,1.0,1,0.0680986847225465,5.351858133476067,9.055672891964043,9.055672891964043,False,False,True
1.0,1.0,0,1,0.0,360.0,1.0,1,0.049291331485612565,5.170483995038151,9.196545660953994,8.647519453091812,False,True,False
1.0,1.0,0,1,0.0,360.0,1.0,1,0.0621182807935966,4.882801922586371,8.675734219544788,7.99260665240021,False,True,False
1.0,1.0,2,1,0.0,180.0,1.0,1,0.0877389486260454,5.241747015059643,9.384713758920963,8.740496729931813,False,True,False
1.0,1.0,2,0,0.0,360.0,1.0,1,0.04417828391910465,4.406719247264253,8.535818655539403,8.09376775793108,False,False,True
1.0,0.0,0,1,0.0,360.0,1.0,1,0.08199585988117322,4.812184355372417,8.327000740241713,8.327000740241713,False,True,False
1.0,0.0,0,0,0.0,120.0,1.0,1,0.05755064456721916,3.258096538021482,8.19450550976564,8.19450550976564,False,True,False
1.0,0.0,0,1,,360.0,,0,,,8.82217476094608,8.82217476094608,False,False,True
0.0,1.0,0,1,0.0,360.0,1.0,1,0.07951432418628407,4.927253685157205,8.473659189392508,7.818027938530729,False,True,False
1.0,1.0,0,1,0.0,360.0,1.0,1,0.04670103863109915,3.9318256327243257,7.99799931797973,7.589841512182657,False,True,False
1.0,1.0,0,0,0.0,180.0,1.0,1,0.1525522657327815,4.7535901911063645,8.340217320947035,8.340217320947035,False,True,False
1.0,1.0,0,1,0.0,360.0,1.0,1,0.06865828092243187,4.882801922586371,8.575650760987806,7.473069088032197,False,True,False
1.0,1.0,2,0,0.0,180.0,1.0,1,0.09785311732073751,4.897839799950911,8.929567707825337,8.36380888451688,False,False,True
1.0,0.0,0,1,0.0,360.0,1.0,1,0.048496293726956234,5.0238805208462765,9.065314599925925,8.485496104672983,False,True,False
1.0,1.0,0,1,0.0,360.0,1.0,1,,,9.521568058002977,9.521568058002977,False,False,True
1.0,1.0,0,1,0.0,360.0,1.0,1,,,9.01627006814768,8.445267451844648,False,True,False
1.0,,0,1,0.0,360.0,1.0,1,0.09725261366399222,5.081404364984463,8.427487278331744,8.247220052745229,False,False,True
1.0,1.0,1,1,0.0,360.0,1.0,1,0.06804943110675594,4.61512051684126,8.314587291319576,8.023879992734878,False,False,True
1.0,1.0,2,1,0.0,360.0,1.0,1,0.049828589651598504,5.420534999272286,9.436997742590188,9.342946336524205,False,False,True
1.0,0.0,0,0,,360.0,1.0,0,0.04545661166416655,4.795790545596741,8.900276348631271,8.900276348631271,True,False,False
1.0,1.0,2,1,0.0,360.0,0.0,0,0.08108108108108109,5.37989735354046,8.909370405197466,8.24301946898925,False,False,True
1.0,1.0,3,0,0.0,480.0,1.0,1,0.06932153392330384,4.553876891600541,7.946617563244473,7.6362696033793735,False,True,False
1.0,0.0,0,1,0.0,360.0,1.0,1,0.07106429228325391,4.919980925828125,8.57866451350434,8.57866451350434,False,False,True
0.0,1.0,0,1,,360.0,1.0,1,0.07337725410701465,4.941642422609304,8.56845648535378,7.982757702011113,False,True,False
1.0,1.0,0,0,0.0,,0.0,0,,5.030437921392435,8.947285869349132,8.181160858023409,True,False,False
0.0,0.0,1,1,1.0,360.0,1.0,1,,,8.916237731721479,8.916237731721479,False,True,False
1.0,0.0,0,1,,360.0,1.0,1,0.06490649064906491,4.77912349311153,8.527341522468053,8.527341522468053,False,True,False
1.0,1.0,1,1,0.0,180.0,1.0,1,0.07047780139736527,5.225746673713202,9.5876803163585,9.5876803163585,True,False,False
0.0,1.0,0,1,0.0,360.0,1.0,1,0.07849133537206932,5.043425116919247,8.603554357064281,8.060855752934316,False,True,False
1.0,1.0,1,1,0.0,360.0,,1,0.06536852467085025,4.454347296253507,8.19229373114764,7.703007682479236,False,False,True
1.0,1.0,0,1,0.0,360.0,1.0,0,0.0630494307537109,5.170483995038151,8.95040315983296,8.624970783589669,True,False,False
0.0,0.0,0,1,0.0,360.0,1.0,1,0.06912417798274831,5.560681631015528,9.250426095515468,9.250426095515468,False,False,True
1.0,1.0,0,1,0.0,360.0,1.0,1,0.059995200383969285,5.198497031265826,9.028218795184895,8.64259160081057,True,False,False
0.0,0.0,0,1,0.0,360.0,1.0,1,0.02933802741772017,3.8066624897703196,8.334951631422454,8.334951631422454,False,True,False
0.0,0.0,0,1,0.0,360.0,0.0,1,0.03423185711572866,4.927253685157205,9.316320695513415,7.6676260915849905,False,True,False
1.0,1.0,2,1,0.0,360.0,1.0,1,0.07609063239770038,4.406719247264253,7.992268643270745,7.992268643270745,False,True,False
1.0,1.0,0,0,0.0,360.0,1.0,1,0.0853482560799634,5.272999558563747,8.750683034784592,8.366602832783736,True,False,False
0.0,0.0,0,1,0.0,360.0,,1,0.06997110870350307,4.543294782270004,8.214194414852564,8.214194414852564,True,False,False
,1.0,3,1,0.0,360.0,1.0,1,0.04317849757500222,5.916202062607435,10.077608912764743,10.077608912764743,True,False,False
1.0,0.0,0,1,0.0,360.0,1.0,1,,,8.613593685702552,8.259975659768276,True,False,False
1.0,1.0,1,1,1.0,180.0,0.0,0,0.06188741132694346,5.081404364984463,9.572480355345974,9.260462981379394,False,False,True
1.0,1.0,0,1,0.0,360.0,,0,0.058452486478847904,5.209486152841421,9.065314599925925,8.71292443512011,True,False,False
1.0,0.0,0,1,1.0,480.0,,1,0.06715098019769249,6.478509642208569,9.911802884139842,9.911802884139842,False,False,True
1.0,0.0,0,1,0.0,360.0,1.0,1,0.05213176656240313,4.31748811353631,8.279950715722526,7.608374474380783,False,False,True
1.0,0.0,0,1,0.0,360.0,1.0,1,0.0715395307006786,4.2626798770413155,7.908019444632471,7.908019444632471,False,True,False
1.0,1.0,0,1,1.0,120.0,1.0,1,0.06022935337766214,3.258096538021482,8.14902386805177,8.14902386805177,False,True,False
1.0,0.0,0,1,0.0,360.0,1.0,1,0.057882192713653385,4.634728988229636,8.496173824192162,8.496173824192162,False,True,False
1.0,1.0,3,1,0.0,360.0,1.0,0,0.06855791962174941,5.673323267171493,9.371693622333941,8.294299608857235,False,True,False
0.0,1.0,0,1,0.0,360.0,1.0,0,0.05091279365772056,4.442651256490317,8.430327258394575,8.430327258394575,True,False,False
1.0,1.0,2,1,1.0,360.0,1.0,1,0.035863328116849245,4.48863636973214,8.827174771362785,8.106816038947052,False,False,True
1.0,0.0,0,1,0.0,360.0,0.0,0,0.04481780266832603,5.493061443340548,9.615805480084347,9.615805480084347,False,True,False
1.0,1.0,2,0,0.0,360.0,1.0,0,0.06364712847838958,4.867534450455582,8.636042325254618,8.343077871169383,True,False,False
1.0,1.0,2,1,0.0,360.0,1.0,0,0.07212475633528266,5.225746673713202,8.871505346165781,8.525756422076725,True,False,False
1.0,0.0,0,1,0.0,360.0,1.0,1,0.08614854470494124,5.1298987149230735,8.59748202264504,8.59748202264504,False,False,True
1.0,0.0,0,1,1.0,180.0,1.0,1,0.13988808952837728,5.170483995038151,8.846640813100485,8.846640813100485,False,True,False
1.0,1.0,0,1,0.0,360.0,1.0,1,0.07161641777026392,4.812184355372417,8.462314529906248,7.900636613018005,False,True,False
1.0,1.0,2,1,0.0,180.0,1.0,1,0.08836343360456655,5.236441962829949,9.3722891389622,9.3722891389622,False,False,True
0.0,1.0,0,1,0.0,360.0,1.0,1,0.040753781950965046,4.61512051684126,8.827174771362785,7.754052639035757,False,True,False
0.0,1.0,2,1,0.0,360.0,1.0,1,0.01307980925901012,4.2626798770413155,9.60689927061335,9.60689927061335,False,False,True
1.0,1.0,1,1,0.0,360.0,1.0,1,0.028124648441894474,3.4339872044851463,7.994294986415977,7.338888133838879,False,False,True
0.0,0.0,0,1,0.0,360.0,1.0,0,0.053574489970855475,5.420534999272286,9.364519622823858,9.210440366976517,True,False,False
1.0,1.0,0,1,0.0,360.0,1.0,1,0.0610232376488967,4.836281906951478,8.646641258603124,8.488999457045455,False,True,False
1.0,0.0,0,1,0.0,360.0,0.0,0,0.05221885897367815,4.77912349311153,8.744806737401898,8.744806737401898,True,False,False
1.0,1.0,0,1,1.0,360.0,1.0,1,0.0667334000667334,5.030437921392435,8.75273950944749,7.8547691834991324,True,False,False
1.0,0.0,0,1,0.0,360.0,1.0,0,0.07394477174097511,5.501258210544727,9.123365357961776,9.123365357961776,False,False,True
1.0,1.0,2,0,0.0,360.0,1.0,0,0.1376102099469044,4.736198448394496,7.732807530422021,7.732807530422021,True,False,False
1.0,0.0,0,1,0.0,360.0,1.0,1,0.04268251041453254,3.9318256327243257,8.08794755464267,8.08794755464267,False,False,True
1.0,1.0,3,1,0.0,180.0,0.0,1,0.0833354167187513,6.398594934535208,10.596634733096073,10.596634733096073,False,True,False
1.0,1.0,1,1,0.0,360.0,,1,0.07407407407407407,5.081404364984463,8.699681400989514,8.699681400989514,True,False,False
1.0,1.0,1,1,0.0,360.0,1.0,1,0.054460520491134874,5.236441962829949,9.163143937145207,9.163143937145207,False,False,True
1.0,0.0,0,1,,360.0,1.0,1,0.06583711896767397,4.795790545596741,8.529911963824013,8.000014093678072,True,False,False
1.0,1.0,0,1,0.0,360.0,1.0,1,0.06939002089864159,5.545177444479562,9.231024963169016,8.430327258394575,False,True,False
1.0,1.0,0,0,0.0,360.0,1.0,1,0.09374043464952556,4.59511985013459,7.974188669286011,7.530479995245536,False,True,False
1.0,1.0,0,1,0.0,360.0,1.0,0,0.09629256131209996,5.62040086571715,8.978912601074276,8.978912601074276,False,False,True
1.0,1.0,1,1,0.0,360.0,0.0,0,0.07693090206251112,4.804021044733257,8.382518288089635,8.035926369891792,False,True,False
1.0,1.0,2,1,0.0,360.0,1.0,1,0.07817757194315798,5.0689042022202315,8.633196867172543,8.335191583433202,True,False,False
1.0,1.0,0,1,0.0,180.0,1.0,1,0.04469233794558261,4.330733340286331,9.140347000155648,9.140347000155648,False,False,True
1.0,1.0,0,1,0.0,,1.0,1,,5.209486152841421,8.835501457409778,8.218247926685745,True,False,False
0.0,1.0,0,1,0.0,360.0,1.0,0,0.06788372487696075,4.727387818712341,8.430327258394575,8.430327258394575,True,False,False
1.0,1.0,0,1,0.0,360.0,1.0,1,0.062081312081312075,4.867534450455582,8.660947155060933,7.799753318287247,True,False,False
1.0,0.0,0,1,0.0,480.0,0.0,0,0.058672329012069736,4.1588830833596715,7.71333788887187,7.71333788887187,False,True,False
1.0,1.0,2,1,0.0,360.0,1.0,1,0.06944444444444445,5.303304908059076,8.987321812850125,8.987321812850125,False,True,False
1.0,1.0,0,0,,360.0,1.0,1,0.07352713538280549,4.564348191467836,8.185907481482324,7.507141079727608,True,False,False
,1.0,3,1,0.0,300.0,1.0,1,0.04507724307581348,6.55250788703459,10.85445020594156,10.85445020594156,False,False,True
1.0,1.0,3,0,0.0,180.0,1.0,0,0.12776831345826234,4.406719247264253,8.167068178341237,8.167068178341237,True,False,False
1.0,1.0,0,1,0.0,360.0,1.0,1,0.0458346814121984,5.236441962829949,9.335562336729565,8.64979915596426,False,True,False
1.0,1.0,0,0,1.0,360.0,1.0,0,0.04757217847769029,4.477336814478207,8.533263371593732,8.376781037699493,False,True,False
1.0,1.0,0,1,0.0,360.0,1.0,1,0.05900425237542982,4.762173934797756,8.60557030203365,8.159946655578548,True,False,False
1.0,1.0,2,1,0.0,360.0,1.0,1,0.07657083939835031,4.624972813284271,8.206583614320753,7.6236419465115715,True,False,False
1.0,1.0,3,1,0.0,360.0,0.0,0,0.081767364414843,6.206575926724928,9.73014555852275,8.61558951327243,False,True,False
1.0,1.0,1,1,0.0,360.0,1.0,1,0.08592592592592593,4.762173934797756,8.229777750081887,8.229777750081887,False,True,False
1.0,0.0,0,0,0.0,480.0,0.0,0,0.05615750528541226,4.634728988229636,8.23880116587155,7.755338812846501,False,False,True
1.0,1.0,1,1,0.0,360.0,0.0,0,0.03663003663003663,5.198497031265826,9.521568058002977,8.764209507142004,False,False,True
1.0,0.0,0,1,0.0,360.0,,0,0.026667303497794972,4.219507705176107,8.850804195756417,7.558516743045645,True,False,False
1.0,1.0,0,1,0.0,180.0,1.0,1,0.08816425120772947,4.30406509320417,8.434028950155469,8.434028950155469,False,True,False
1.0,1.0,1,1,0.0,360.0,1.0,0,0.021338480831478525,5.564520407322694,10.429605648120413,10.429605648120413,False,True,False
0.0,1.0,0,1,0.0,360.0,1.0,1,0.08275862068965517,4.6913478822291435,8.195885391314796,8.195885391314796,False,True,False
1.0,1.0,0,1,1.0,360.0,1.0,1,0.0075935333470016925,4.795790545596741,10.6896240399389,10.57510461454571,False,True,False
1.0,1.0,1,1,1.0,300.0,0.0,0,0.10101010101010101,4.204692619390966,7.68662133494462,7.68662133494462,True,False,False
1.0,1.0,0,1,0.0,360.0,,1,0.03563616702302834,4.07753744390572,8.416709652837914,7.776535028185241,True,False,False
,1.0,0,1,1.0,360.0,1.0,1,0.07816862088218872,5.1298987149230735,8.694669696546992,6.51471269087253,True,False,False
1.0,1.0,0,1,0.0,180.0,1.0,1,0.11196874404421574,5.241747015059643,9.140883106960962,9.140883106960962,True,False,False
1.0,0.0,0,0,0.0,360.0,1.0,1,0.02729443875810304,3.8918202981106265,8.494129251817686,8.494129251817686,True,False,False
1.0,0.0,0,1,0.0,360.0,1.0,0,0.03796296296296296,5.10594547390058,9.392745258631441,9.392745258631441,False,True,False
1.0,1.0,0,0,0.0,360.0,1.0,0,0.07366889515074498,5.081404364984463,8.705165419719007,8.705165419719007,False,False,True
1.0,0.0,0,1,0.0,360.0,1.0,1,0.054720350210241346,4.343805421853684,8.258163361537619,8.258163361537619,False,True,False
1.0,0.0,0,1,0.0,360.0,1.0,1,0.07953551260637874,4.795790545596741,8.340933226000878,8.340933226000878,True,False,False
1.0,1.0,1,1,0.0,360.0,1.0,0,0.08272989176983571,5.14166355650266,8.64979915596426,8.047509510981422,False,True,False
1.0,0.0,0,1,0.0,360.0,1.0,1,0.04298969166965526,5.236441962829949,9.399637542506563,9.0280988119824,True,False,False
0.0,0.0,0,0,0.0,,1.0,1,,4.795790545596741,8.360071435644025,7.553810852008231,False,False,True
0.0,1.0,0,1,0.0,360.0,,1,0.050367279988589364,4.736198448394496,8.73761303680885,8.136518252115291,False,True,False
1.0,0.0,0,1,1.0,360.0,1.0,0,0.02095959595959596,4.430816798843313,9.305741456739435,9.305741456739435,False,False,True
1.0,1.0,1,0,0.0,360.0,1.0,1,0.049019607843137254,4.51085950651685,8.537191877922927,7.8636512654486515,False,True,False
1.0,0.0,2,1,0.0,360.0,0.0,1,0.09366465795472498,5.117993812416755,8.501876487304344,8.501876487304344,False,True,False
1.0,1.0,3,0,0.0,180.0,1.0,0,,,8.292298107063221,8.292298107063221,False,False,True
1.0,1.0,1,0,0.0,360.0,1.0,1,0.08182413266419376,4.912654885736052,8.430327258394575,8.160803920954665,False,False,True
1.0,1.0,2,0,0.0,360.0,1.0,1,0.08793577851530367,4.8283137373023015,8.273336598504486,8.273336598504486,False,True,False
0.0,0.0,0,0,0.0,360.0,1.0,1,0.07562008469449485,4.795790545596741,8.391403185357937,8.391403185357937,False,True,False
0.0,0.0,0,1,0.0,360.0,1.0,1,0.06850253459377997,4.394449154672439,8.08487062913819,8.08487062913819,False,False,True
1.0,0.0,0,0,0.0,360.0,1.0,1,0.02348259726064829,4.02535169073515,8.780633799494984,8.288031567776464,True,False,False
1.0,0.0,0,1,0.0,360.0,1.0,1,0.0661108870064094,4.0943445622221,7.8160138391590275,7.8160138391590275,False,False,True
1.0,0.0,0,1,0.0,360.0,1.0,0,0.10321175476236916,4.852030263919617,8.137103389639302,8.137103389639302,False,True,False
0.0,0.0,0,1,0.0,360.0,1.0,0,0.059444444444444446,5.3706380281276624,9.210440366976517,9.210440366976517,False,True,False
1.0,1.0,3,1,0.0,360.0,0.0,0,0.07597340930674264,4.859812404361672,8.45126704130007,8.14060704285845,False,True,False
1.0,1.0,1,1,1.0,360.0,1.0,1,0.08561277342579512,5.484796933490655,8.960339366492091,8.960339366492091,False,False,True
1.0,1.0,3,0,1.0,360.0,1.0,1,0.06331950045784869,4.875197323201151,8.648922962094131,8.648922962094131,True,False,False
1.0,1.0,0,1,0.0,360.0,1.0,1,0.06143938578552721,4.927253685157205,8.731497794063243,8.062747901086354,False,False,True
1.0,1.0,3,0,0.0,360.0,1.0,1,0.05747522817665586,4.61512051684126,8.483429561263428,8.25608813381491,False,True,False
1.0,1.0,0,1,0.0,360.0,1.0,0,0.19230769230769232,4.912654885736052,7.576097340623111,5.017279836814924,True,False,False
1.0,1.0,0,1,0.0,360.0,1.0,1,0.06613756613756615,4.882801922586371,8.613048677059759,8.223627175805483,False,True,False
1.0,1.0,2,1,,360.0,0.0,0,0.04,4.290459441148391,8.517393171418904,8.517393171418904,False,True,False
0.0,1.0,2,1,0.0,360.0,,1,0.05292195886255292,4.852030263919617,8.80492526261806,8.36264243156764,False,True,False
1.0,1.0,0,1,0.0,360.0,0.0,0,0.07504127269998499,4.110873864173311,7.706162970199576,7.706162970199576,False,False,True
1.0,1.0,2,1,0.0,360.0,1.0,1,0.05627352815616874,4.762173934797756,8.652947112393857,8.296546520300614,False,True,False
1.0,0.0,0,1,0.0,360.0,1.0,1,0.06942034015966678,4.976733742420574,8.659213451436667,7.99699040583765,False,True,False
1.0,1.0,0,1,0.0,,1.0,1,,5.170483995038151,9.058237593766226,8.93313654381203,False,True,False
1.0,1.0,0,1,0.0,360.0,1.0,1,0.056888888888888885,4.859812404361672,8.740496729931813,8.740496729931813,False,True,False
1.0,1.0,0,1,0.0,360.0,1.0,0,0.1452991452991453,5.14166355650266,8.086717920303906,8.086717920303906,True,False,False
1.0,1.0,0,0,1.0,360.0,1.0,0,0.08095740936290038,4.9344739331306915,8.462948176563842,8.462948176563842,False,False,True
1.0,1.0,2,1,0.0,360.0,1.0,1,0.07342143906020558,5.351858133476067,8.980423936374544,8.740496729931813,False,True,False
1.0,,0,1,0.0,480.0,1.0,1,0.0691817290177946,5.0689042022202315,8.46779284112111,8.46779284112111,False,True,False
1.0,0.0,0,1,1.0,360.0,1.0,1,0.08680555555555555,5.303304908059076,8.764209507142004,8.764209507142004,True,False,False
1.0,1.0,1,1,0.0,360.0,1.0,1,0.06356191174673023,4.653960350157523,8.422003004412488,7.820840879907344,False,True,False
1.0,1.0,0,1,,180.0,1.0,1,0.06279153211338356,3.7612001156935624,8.220672170297252,8.220672170297252,True,False,False
1.0,0.0,0,0,0.0,,1.0,1,,4.795790545596741,8.663542087751374,8.06777619577889,True,False,False
0.0,0.0,0,1,0.0,360.0,1.0,1,0.09333706681600598,5.638354669333745,9.0280988119824,9.0280988119824,False,True,False
1.0,1.0,1,1,0.0,360.0,1.0,1,0.07881817772373104,4.948759890378168,8.504107951867582,8.057060681965766,False,True,False
1.0,1.0,1,1,0.0,360.0,1.0,1,0.06985535831689678,5.14166355650266,8.818926087090677,8.612685172875459,True,False,False
1.0,1.0,0,1,,360.0,,0,0.1232741617357002,5.545177444479562,8.656433258507741,8.656433258507741,False,False,True
0.0,0.0,0,1,1.0,360.0,,1,0.09785991593672795,4.812184355372417,8.150179269682326,8.150179269682326,False,False,True
0.0,0.0,1,1,0.0,360.0,1.0,1,0.08161361781508686,4.727387818712341,8.246171559857563,8.246171559857563,True,False,False
1.0,1.0,1,1,0.0,360.0,1.0,1,0.08044243338360986,4.574710978503383,8.106514516255185,8.106514516255185,False,True,False
1.0,1.0,2,1,0.0,360.0,1.0,1,0.03080999476230089,4.795790545596741,9.289151552400472,8.669055540725484,True,False,False
1.0,1.0,1,0,0.0,180.0,1.0,0,0.1731087865074066,4.948759890378168,8.410498452745275,7.828436359157585,False,False,True
1.0,0.0,0,1,0.0,60.0,1.0,1,0.2980998538349104,5.049856007249537,9.067277989134345,7.994969522697877,False,False,True
1.0,1.0,2,1,1.0,360.0,1.0,1,0.039735099337748346,4.6913478822291435,8.929435283803425,8.740496729931813,True,False,False
1.0,1.0,0,0,0.0,360.0,1.0,1,0.04367463462439814,4.820281565605037,8.964951211714654,8.133587417660966,False,True,False
1.0,0.0,0,1,1.0,180.0,1.0,0,0.06420751870043982,4.795790545596741,9.248021438943871,8.707978826622321,False,False,True
1.0,1.0,2,1,0.0,360.0,1.0,1,0.032063393910245395,4.727387818712341,9.180293450623886,9.180293450623886,False,False,True
1.0,1.0,1,0,0.0,180.0,1.0,1,0.1151802528921173,4.927253685157205,8.796187635470453,8.796187635470453,False,False,True
1.0,1.0,1,1,0.0,480.0,1.0,1,0.05423280423280423,4.820281565605037,8.460834457746854,7.9665866976384025,False,True,False
1.0,1.0,0,1,0.0,360.0,1.0,1,0.06799020940984499,4.51085950651685,8.210124405164267,7.501082124259871,False,False,True
1.0,1.0,0,0,0.0,360.0,0.0,0,0.10045579944824277,5.308267697401205,8.62317351495347,7.419979923661835,False,True,False
0.0,0.0,2,1,0.0,360.0,1.0,0,0.11185682326621924,4.9344739331306915,8.13973227971767,8.13973227971767,False,False,True
1.0,0.0,0,0,1.0,360.0,1.0,1,0.060818713450292404,4.653960350157523,8.46611040118692,7.857093864902493,True,False,False
1.0,1.0,1,0,0.0,180.0,1.0,1,0.15877893874206106,5.634789603169249,9.186355009225672,7.8868329989550565,False,True,False
1.0,0.0,0,1,1.0,360.0,0.0,0,0.03282051282051282,5.262690188904886,9.69590972432601,9.69590972432601,False,False,True
0.0,0.0,3,1,0.0,360.0,1.0,1,0.22975456806141206,5.545177444479562,8.03398273468322,8.03398273468322,True,False,False
1.0,0.0,0,0,0.0,360.0,0.0,0,0.052844407683117364,4.7535901911063645,8.707152175339404,8.707152175339404,True,False,False
1.0,1.0,3,1,0.0,360.0,1.0,0,0.04973544973544973,4.553876891600541,8.566173813637858,8.566173813637858,False,False,True
1.0,1.0,0,1,0.0,360.0,1.0,0,0.05031546472290082,5.720311776607412,9.728181330636078,9.594513744616725,True,False,False
1.0,1.0,3,0,0.0,360.0,,0,0.07210617634466752,4.859812404361672,8.503499864284235,8.503499864284235,False,True,False
1.0,1.0,1,1,0.0,360.0,,1,0.08871253911416498,5.802118375377063,9.24319470884713,8.713417653379183,False,False,True
1.0,0.0,0,1,0.0,360.0,1.0,1,0.08719190026287707,4.90527477843843,8.35936910622267,7.630946580890459,False,True,False
0.0,0.0,1,1,0.0,36.0,1.0,0,1.2368731845893581,5.049856007249537,8.155362120328135,8.155362120328135,False,True,False
0.0,0.0,0,1,0.0,360.0,1.0,1,0.046296296296296294,4.795790545596741,8.881975184248867,8.881975184248867,True,False,False
1.0,0.0,0,1,1.0,360.0,1.0,1,0.06882608508624768,4.859812404361672,8.550047528287184,8.550047528287184,False,True,False
1.0,0.0,0,1,0.0,360.0,1.0,1,0.05561448481098442,5.0238805208462765,8.928375259853631,8.317766166719343,True,False,False
1.0,1.0,2,1,0.0,360.0,1.0,1,0.06836204539239814,5.017279836814924,8.715388097366482,8.457230850243555,False,True,False
1.0,1.0,3,1,0.0,360.0,0.0,1,0.07233796296296297,5.081404364984463,8.723394022000136,8.374246182096304,False,False,True
0.0,0.0,0,1,,360.0,1.0,0,0.10971328262141604,4.912654885736052,8.137103389639302,8.137103389639302,True,False,False
0.0,0.0,1,1,0.0,360.0,1.0,1,0.0563570784490532,4.51085950651685,8.39773375137891,7.964503363551548,False,False,True
0.0,0.0,0,1,0.0,360.0,1.0,1,0.025744001647616106,3.4339872044851463,8.08271113423758,8.08271113423758,False,False,True
1.0,1.0,0,1,0.0,360.0,1.0,1,0.033893574177083954,4.919980925828125,9.318925682389624,9.318925682389624,False,False,True
1.0,0.0,0,1,0.0,360.0,1.0,1,0.07462686567164178,4.844187086458591,8.453401058328458,7.949444420250626,True,False,False
1.0,1.0,0,1,0.0,360.0,1.0,1,0.08603482689792828,5.017279836814924,8.485496104672983,7.8713112033234065,False,True,False
1.0,1.0,2,1,0.0,360.0,1.0,1,0.0641025641025641,4.51085950651685,8.268988209506656,8.268988209506656,False,True,False
1.0,1.0,1,1,0.0,360.0,1.0,1,0.06956542779713512,4.7535901911063645,8.432288684325794,7.919719760924575,False,True,False
1.0,1.0,0,1,0.0,360.0,1.0,1,0.07912481078849594,5.337538079701318,8.891236429516061,8.29254851397576,False,True,False
1.0,1.0,0,1,0.0,360.0,1.0,1,0.050470638705932824,4.394449154672439,8.390268497842571,8.04044688130311,False,False,True
1.0,1.0,0,1,0.0,360.0,1.0,1,0.0830495173223007,6.07993319509559,9.5876803163585,9.5876803163585,False,True,False
0.0,1.0,0,0,0.0,360.0,,1,0.08401084010840108,4.8283137373023015,8.31898612539206,8.31898612539206,True,False,False
1.0,0.0,1,0,1.0,360.0,0.0,0,0.06774022054157879,5.0689042022202315,8.776475789346321,8.307459327011946,False,False,True
1.0,1.0,0,1,0.0,360.0,1.0,1,0.06581576287520861,4.727387818712341,8.461257559085935,8.275885669474356,False,True,False
1.0,1.0,2,1,0.0,180.0,1.0,1,0.1318404937756442,4.3694478524670215,8.097973923364721,7.741533589281828,False,False,True
0.0,0.0,0,1,0.0,360.0,1.0,1,0.04314063848144953,4.007333185232471,8.154212694914229,7.502186486602924,False,False,True
1.0,1.0,0,1,0.0,360.0,1.0,0,,,9.936341889407075,9.936341889407075,True,False,False
1.0,0.0,0,1,0.0,360.0,1.0,1,0.03980393209180844,4.499809670330265,8.734238184268579,8.058010800802085,True,False,False
0.0,0.0,0,1,1.0,300.0,1.0,0,0.07644197359277276,4.605170185988092,8.370547611074752,7.8636512654486515,False,True,False
1.0,1.0,0,1,0.0,360.0,1.0,1,0.058438522674146794,4.795790545596741,8.649098262296176,8.217438537730187,True,False,False
0.0,0.0,0,1,0.0,360.0,1.0,1,0.07745985558788662,4.7535901911063645,8.324821298768782,8.324821298768782,False,True,False
1.0,0.0,0,1,0.0,360.0,1.0,1,0.054632356378254573,5.236441962829949,9.159993997539445,9.159993997539445,True,False,False
1.0,1.0,0,1,0.0,360.0,1.0,1,0.07031708452214734,4.941642422609304,8.61104776688786,8.031385330625534,True,False,False
1.0,1.0,2,1,0.0,360.0,0.0,0,0.08017676767676768,4.852030263919617,8.38958706681109,8.38958706681109,False,True,False
1.0,1.0,2,1,0.0,360.0,1.0,1,0.07897776834759648,4.90527477843843,8.458292083496076,8.056426767522984,False,False,True
0.0,0.0,0,1,0.0,480.0,0.0,0,0.05499661559288659,4.969813299576001,8.59748202264504,8.59748202264504,False,False,True
1.0,1.0,0,1,0.0,360.0,1.0,1,0.08357141468913377,5.153291594497779,8.651374372882257,7.776535028185241,False,True,False
1.0,1.0,3,1,,360.0,1.0,1,0.05392791308781425,4.709530201312334,8.64241515616962,8.393216011596527,False,False,True
1.0,1.0,1,1,0.0,360.0,1.0,1,0.0808080808080808,5.303304908059076,8.83579236650274,8.83579236650274,False,True,False
0.0,1.0,1,1,0.0,360.0,1.0,1,0.0803686240891556,4.912654885736052,8.448271745949816,8.448271745949816,False,False,True
0.0,0.0,0,1,0.0,480.0,1.0,0,0.04171639481943155,5.0238805208462765,8.928242677818302,8.517393171418904,True,False,False
1.0,1.0,1,1,0.0,360.0,1.0,0,0.0635531259139277,4.736198448394496,8.505120610181969,7.608374474380783,False,False,True
1.0,1.0,0,0,0.0,360.0,0.0,0,0.05456977890437966,4.543294782270004,8.462737005620179,7.496097345175956,False,False,True
1.0,1.0,0,0,0.0,360.0,1.0,1,0.06306306306306307,4.663439094112067,8.439447842791385,7.964155718840937,False,True,False
0.0,0.0,0,1,0.0,360.0,1.0,1,0.07333333333333333,4.890349128221754,8.517393171418904,8.517393171418904,True,False,False
1.0,1.0,1,1,0.0,360.0,1.0,1,0.07779074290159471,4.574710978503383,8.14002395246292,7.3938782901077555,False,False,True
1.0,0.0,0,1,0.0,360.0,1.0,1,0.05982905982905983,4.948759890378168,8.77971129020447,8.294299608857235,True,False,False
1.0,0.0,0,0,0.0,360.0,1.0,0,,,7.601402334583733,7.601402334583733,False,False,True
0.0,0.0,0,1,0.0,360.0,1.0,1,0.06908621960206338,4.912654885736052,8.599510233905452,8.232971790593437,True,False,False
0.0,0.0,0,1,0.0,360.0,0.0,0,0.06776657022962443,4.653960350157523,8.357962965845681,7.783640596221253,False,False,True
1.0,0.0,0,1,0.0,360.0,1.0,0,0.06589894396942289,6.175867270105761,9.915119636765835,9.915119636765835,True,False,False
1.0,1.0,2,0,0.0,360.0,,1,0.06702607133023203,5.225746673713202,8.944811104165534,8.944811104165534,True,False,False
0.0,0.0,0,1,0.0,360.0,1.0,1,0.0799908581876357,4.442651256490317,7.978653729082731,7.978653729082731,False,True,False
1.0,0.0,0,0,0.0,360.0,1.0,1,0.057826956739184796,4.718498871295094,8.581669210600602,7.982074875081202,False,True,False
0.0,0.0,0,1,0.0,360.0,1.0,1,0.06204848646013384,4.04305126783455,7.827240901752812,7.827240901752812,True,False,False
1.0,1.0,2,1,1.0,84.0,,1,0.2983441897469047,4.976733742420574,8.656433258507741,8.656433258507741,True,False,False
,1.0,0,1,0.0,360.0,1.0,0,0.10233240654927403,5.075173815233827,8.370315995555478,7.813591552952433,True,False,False
1.0,1.0,1,0,0.0,180.0,1.0,1,0.12237877885823906,4.718498871295094,8.525161361065415,8.131530710604252,False,False,True
1.0,1.0,2,1,0.0,360.0,1.0,1,0.08967805577975069,4.795790545596741,8.220941168281389,8.220941168281389,False,True,False
1.0,1.0,0,1,0.0,360.0,,1,0.058312128922815946,4.48863636973214,8.341171747170762,7.629975707027789,False,False,True
0.0,0.0,1,1,0.0,360.0,,1,0.08785967554676959,4.727387818712341,8.17244681834278,8.17244681834278,False,True,False
1.0,1.0,1,1,1.0,360.0,1.0,0,0.043055555555555555,5.049856007249537,9.210440366976517,9.210440366976517,True,False,False
1.0,1.0,0,1,0.0,360.0,1.0,1,0.06994623263508747,4.7535901911063645,8.426830751335846,7.783640596221253,False,True,False
1.0,1.0,3,1,0.0,360.0,1.0,1,0.07601951985090366,4.8283137373023015,8.418918622147897,8.376320632534823,False,True,False
1.0,1.0,2,0,0.0,360.0,1.0,1,,,8.554874258383926,8.189244525735901,True,False,False
0.0,0.0,0,1,0.0,360.0,,1,0.0596109033761448,4.890349128221754,8.72453251118548,8.06054004653864,True,False,False
1.0,1.0,3,1,0.0,360.0,1.0,1,0.05555555555555556,5.707110264748875,9.61587214452889,9.61587214452889,True,False,False
1.0,1.0,1,1,1.0,360.0,0.0,0,0.07652168250014245,5.932245187448011,9.521494800613105,9.067277989134345,True,False,False
1.0,0.0,0,1,0.0,360.0,0.0,1,0.07344134860913384,4.875197323201151,8.500657222776137,8.500657222776137,True,False,False
1.0,1.0,0,1,1.0,360.0,1.0,1,0.06406506782540876,5.220355825078324,8.984568369308281,8.66888370465667,False,True,False
0.0,1.0,0,1,0.0,360.0,1.0,0,0.04504061844863731,4.709530201312334,8.82246957226897,8.374246182096304,False,False,True
0.0,0.0,0,1,0.0,360.0,1.0,1,0.07444444444444445,4.219507705176107,7.824445930877619,7.824445930877619,False,False,True
1.0,0.0,1,1,0.0,360.0,1.0,1,0.052614537801521775,4.770684624465665,8.728749873478527,8.385944904806284,False,False,True
1.0,0.0,0,1,0.0,360.0,1.0,1,0.09275033125118304,4.59511985013459,7.984803389734406,7.984803389734406,False,True,False
1.0,0.0,0,1,0.0,360.0,1.0,1,0.06961603325881477,4.276666119016055,7.949444420250626,7.949444420250626,False,False,True
1.0,1.0,0,1,,180.0,1.0,1,0.04297996782642408,6.19644412779452,11.056240743970491,11.056240743970491,False,False,True
,1.0,1,1,1.0,180.0,1.0,1,0.08667161933062842,5.209486152841421,9.364519622823858,9.193601047971885,False,False,True
1.0,1.0,0,1,1.0,,1.0,1,,4.2626798770413155,9.20974019190415,8.61323037961318,False,True,False
1.0,1.0,1,1,,360.0,1.0,1,0.07484749822237192,5.081404364984463,8.68929604801586,8.566173813637858,True,False,False
1.0,1.0,2,1,1.0,360.0,1.0,1,0.06885758998435056,5.176149732573829,8.867990898182093,7.824445930877619,True,False,False
0.0,0.0,3,0,0.0,360.0,0.0,0,,,7.5126175446745105,7.5126175446745105,False,False,True
0.0,0.0,0,1,0.0,360.0,1.0,1,0.04740918803418803,4.276666119016055,8.333510708982942,8.333510708982942,False,True,False
1.0,1.0,3,0,0.0,360.0,1.0,0,0.11349918647981945,5.159055299214529,8.351138607086154,7.881559917056899,True,False,False
0.0,0.0,0,1,0.0,360.0,1.0,0,0.05373329595364919,3.8501476017100584,7.774435510302958,7.774435510302958,True,False,False
1.0,1.0,1,0,0.0,360.0,1.0,1,0.07589294291697889,5.0689042022202315,8.6628507638386,8.423980809694058,False,False,True
1.0,1.0,3,0,0.0,360.0,1.0,1,0.06478271527121196,4.31748811353631,8.062747901086354,8.062747901086354,False,True,False
1.0,1.0,2,1,,360.0,1.0,1,0.07067417509102834,4.836281906951478,8.499843553081124,7.857093864902493,True,False,False
1.0,1.0,0,1,0.0,360.0,1.0,1,0.089659964584314,5.081404364984463,8.508757712595136,7.824046010856292,False,True,False
1.0,1.0,0,0,0.0,360.0,0.0,0,0.06252365203942281,5.030437921392435,8.817890200945513,8.16735198705607,True,False,False
1.0,1.0,2,0,0.0,360.0,1.0,1,0.0666539706722529,4.844187086458591,8.566364235422688,8.03398273468322,False,False,True
1.0,1.0,0,1,0.0,360.0,,1,0.06590733276332397,5.560681631015528,9.29807648628027,8.753687227098585,False,True,False
1.0,1.0,0,1,0.0,360.0,1.0,1,0.05852895148669797,5.236441962829949,9.091106284052485,7.873217054862741,True,False,False
1.0,1.0,0,1,0.0,360.0,1.0,1,0.06972732944328233,5.43372200355424,9.114269903225448,9.114269903225448,False,True,False
1.0,0.0,0,1,0.0,360.0,1.0,0,0.06623484985333712,5.733341276897746,9.466376966592419,9.076923258535832,True,False,False
1.0,1.0,3,1,0.0,360.0,1.0,1,0.05556725392480289,4.564348191467836,8.465899897028686,7.888709524182015,True,False,False
0.0,1.0,0,1,1.0,360.0,0.0,0,0.05303030303030303,4.663439094112067,8.612685172875459,8.612685172875459,True,False,False
0.0,1.0,0,1,0.0,360.0,1.0,1,0.12333029751062537,4.875197323201151,7.982416346827733,7.793174347189205,False,True,False
0.0,0.0,0,1,0.0,180.0,1.0,1,0.16901244281260017,4.762173934797756,8.246433786160365,8.246433786160365,False,False,True
1.0,1.0,2,1,0.0,360.0,1.0,1,0.03985507246376811,5.111987788356544,9.350189267092581,9.0280988119824,True,False,False
1.0,1.0,1,1,0.0,360.0,1.0,0,0.04802867383512545,4.219507705176107,8.262558973010657,8.262558973010657,False,False,True
1.0,1.0,0,0,0.0,480.0,0.0,0,0.04464923560508644,4.61512051684126,8.448271745949816,8.006700845440367,False,False,True
1.0,1.0,3,1,0.0,360.0,1.0,1,0.06666133375996587,5.303304908059076,9.028218795184895,8.550241045462437,False,True,False
0.0,0.0,1,1,0.0,360.0,1.0,0,0.047639212365022235,4.406719247264253,8.460411177317253,8.460411177317253,False,True,False
1.0,1.0,2,1,0.0,360.0,1.0,1,0.07563811648269939,5.4680601411351315,9.067393362656249,8.517393171418904,False,True,False
1.0,1.0,0,1,0.0,360.0,1.0,1,0.05098279134704378,4.875197323201151,8.865593998902725,8.46611040118692,False,False,True
1.0,1.0,0,1,0.0,300.0,,1,0.052376226706362335,4.564348191467836,8.707317560273212,8.01102337918644,False,False,True
1.0,0.0,0,1,1.0,360.0,1.0,1,0.05741229356005082,4.955827057601261,8.828054536815424,8.828054536815424,True,False,False
1.0,0.0,0,0,0.0,360.0,1.0,0,0.059434434434434434,4.897839799950911,8.735042754269337,8.735042754269337,True,False,False
1.0,0.0,0,1,0.0,480.0,1.0,0,0.08,4.574710978503383,7.824445930877619,7.824445930877619,False,True,False
1.0,0.0,0,1,0.0,,0.0,0,,4.8283137373023015,8.54188580400661,8.54188580400661,True,False,False
1.0,1.0,1,1,0.0,360.0,1.0,1,0.07685551163812034,5.170483995038151,8.752423403865594,8.752423403865594,False,True,False
1.0,1.0,0,1,0.0,360.0,1.0,0,0.06334346828825946,6.3473892096560105,10.126511096649761,9.889946281969461,True,False,False
0.0,0.0,0,1,1.0,360.0,1.0,1,0.00969463657451474,4.02535169073515,9.66523036341187,9.66523036341187,False,True,False
1.0,1.0,2,1,0.0,360.0,1.0,1,0.08303867995285545,5.049856007249537,8.55371796609861,8.55371796609861,False,True,False
1.0,1.0,2,1,1.0,300.0,1.0,1,0.07366054121113437,5.942799375126701,9.752490228984199,9.140347000155648,True,False,False
1.0,0.0,1,1,0.0,180.0,0.0,0,0.12213639664620056,4.718498871295094,8.527143522269405,8.027150106832774,False,False,True
0.0,0.0,0,1,,360.0,1.0,1,0.07235509248296366,4.709530201312334,8.348537825386098,7.9247959139564355,False,False,True
1.0,1.0,0,1,0.0,180.0,1.0,1,0.11614401858304296,4.795790545596741,8.655388690167637,8.480114183174816,False,False,True
1.0,1.0,3,1,0.0,360.0,1.0,1,0.026270268522560095,4.875197323201151,9.52857589747142,9.076923258535832,True,False,False
1.0,1.0,0,1,0.0,360.0,,1,0.08378448053622067,4.875197323201151,8.368925174747135,8.368925174747135,False,True,False
1.0,0.0,0,1,0.0,480.0,1.0,0,0.048197024003475614,4.276666119016055,8.029432840581244,8.029432840581244,False,False,True
1.0,1.0,2,1,0.0,360.0,1.0,1,0.06698406809703415,4.875197323201151,8.592671652592143,8.592671652592143,False,False,True
1.0,1.0,0,1,,360.0,1.0,1,0.06095586414461779,4.859812404361672,8.671458150427666,8.111928063310739,False,True,False
1.0,0.0,0,1,0.0,360.0,1.0,1,0.0808239675830357,5.6937321388027,9.22759072538271,8.689801056022553,False,True,False
0.0,0.0,0,1,0.0,360.0,1.0,1,0.07222222222222222,5.056245805348308,8.699681400989514,8.699681400989514,False,False,True
1.0,0.0,0,1,1.0,360.0,1.0,1,0.04961009565446568,4.859812404361672,8.877381954654766,8.877381954654766,False,False,True
1.0,1.0,2,1,0.0,360.0,1.0,0,0.06083613179539592,4.61512051684126,8.426611813185,8.426611813185,False,False,True
1.0,0.0,1,1,,180.0,1.0,1,0.1711965578886768,4.736198448394496,8.207401833376355,8.207401833376355,False,False,True
1.0,0.0,0,0,0.0,360.0,1.0,1,0.09292110153742186,4.890349128221754,8.280711075662847,7.760893195851024,False,True,False
1.0,1.0,0,0,0.0,360.0,0.0,0,,,8.72371943690701,8.010027528481734,False,False,True
1.0,1.0,0,1,0.0,360.0,1.0,1,0.07953216374269005,4.919980925828125,8.46611040118692,7.755338812846501,False,False,True
1.0,1.0,0,1,0.0,360.0,1.0,1,0.0632693553611921,4.836281906951478,8.610501368549889,8.610501368549889,True,False,False
1.0,0.0,3,1,0.0,360.0,1.0,1,0.05605856756723998,5.225746673713202,9.12347443895452,9.12347443895452,True,False,False
1.0,1.0,3,1,0.0,360.0,1.0,1,0.08037551440329219,5.62040086571715,9.15957325492253,9.15957325492253,True,False,False
1.0,1.0,0,1,0.0,360.0,,1,0.07095217823187172,4.795790545596741,8.455104999102815,7.857093864902493,False,False,True
1.0,1.0,2,0,0.0,180.0,1.0,1,0.1735151403476445,4.736198448394496,8.193953023563742,7.597897950521784,False,True,False
1.0,1.0,2,1,0.0,360.0,1.0,1,0.06975308641975309,4.736198448394496,8.412054873292933,8.03947991910045,False,False,True
1.0,1.0,2,1,0.0,360.0,,1,0.09973404255319149,4.912654885736052,8.232440158470336,8.094683648698815,False,True,False
0.0,0.0,0,1,0.0,360.0,0.0,0,0.06201956673654787,4.276666119016055,8.064950891749143,8.064950891749143,False,False,True
1.0,1.0,0,1,0.0,360.0,1.0,1,0.05874641337686752,4.564348191467836,8.41027590907016,8.017637159908478,False,False,True
1.0,0.0,0,0,0.0,360.0,1.0,1,0.05437819284802043,4.700480365792417,8.624970783589669,8.269500767180615,True,False,False
0.0,0.0,0,1,0.0,360.0,0.0,0,0.0867003367003367,4.6443908991413725,8.101980731853192,7.313886831633462,False,True,False
1.0,1.0,2,0,0.0,180.0,0.0,0,0.08653513326410522,3.828641396489095,7.969011781106478,7.969011781106478,False,False,True
1.0,0.0,0,0,0.0,300.0,1.0,0,0.07864488808227466,4.189654742026425,7.9215356321335495,7.9215356321335495,True,False,False
1.0,0.0,0,1,0.0,360.0,1.0,1,0.012716049382716048,4.6443908991413725,10.021315031649332,7.824445930877619,False,True,False
0.0,0.0,0,0,0.0,360.0,1.0,1,0.07499858493235977,3.9889840465642745,7.582738488914411,7.582738488914411,False,True,False
0.0,0.0,0,1,1.0,360.0,1.0,0,0.07242156818826621,5.272999558563747,8.914894908906568,8.914894908906568,True,False,False
0.0,0.0,0,1,0.0,360.0,1.0,1,0.07025389145468319,4.7535901911063645,8.422442854870427,8.422442854870427,False,True,False
1.0,1.0,0,0,0.0,360.0,1.0,1,0.06994623263508747,4.7535901911063645,8.426830751335846,7.681560362559537,False,False,True
0.0,0.0,0,0,0.0,360.0,1.0,1,0.08284380177737612,4.204692619390966,7.7025561132685825,7.7025561132685825,True,False,False
1.0,1.0,1,1,0.0,300.0,0.0,0,0.06104417670682731,5.030437921392435,9.024131268455035,9.024131268455035,False,True,False
1.0,1.0,3,1,0.0,360.0,0.0,0,0.012345679012345678,5.8888779583328805,11.302216779257382,11.302216779257382,True,False,False
0.0,0.0,1,0,1.0,360.0,1.0,0,0.044536390541045315,4.143134726391533,8.260492856573185,8.260492856573185,False,True,False
1.0,1.0,0,1,,360.0,,1,0.07104290991759023,5.081404364984463,8.741456115998364,8.741456115998364,False,False,True
1.0,1.0,0,0,0.0,360.0,0.0,0,0.09933654126567512,5.389071729816501,8.715552125907816,8.715552125907816,True,False,False
1.0,1.0,0,0,0.0,360.0,1.0,1,0.07129154352672784,4.709530201312334,8.363342466597977,7.720461694599722,True,False,False
0.0,1.0,0,0,0.0,360.0,0.0,0,0.09180179065065809,5.187385805840755,8.591743922680534,7.673223121121708,False,True,False
0.0,0.0,0,1,0.0,360.0,1.0,1,0.05564830272676683,4.110873864173311,8.005033344637111,8.005033344637111,False,False,True
0.0,0.0,1,1,0.0,360.0,1.0,0,0.17094017094017094,5.081404364984463,7.8636512654486515,7.8636512654486515,False,False,True
1.0,1.0,2,1,1.0,360.0,1.0,0,0.030735596707818932,5.480638923341991,9.980494888896912,7.3783837129967145,False,False,True
1.0,1.0,0,1,0.0,360.0,1.0,1,0.08191445790181967,4.727387818712341,8.242493153187626,6.933423025730715,True,False,False
1.0,1.0,0,1,0.0,360.0,1.0,1,0.08220744870970048,4.9344739331306915,8.447628728030327,8.085486772102845,False,True,False
1.0,1.0,0,1,0.0,360.0,1.0,1,0.06576313833133185,4.9344739331306915,8.670772279344538,8.670772279344538,True,False,False
0.0,0.0,0,0,0.0,,0.0,0,,4.394449154672439,7.908754738783246,7.908754738783246,False,False,True
1.0,1.0,0,1,0.0,360.0,1.0,1,0.07849047125678943,4.61512051684126,8.17188200612782,7.507141079727608,False,False,True
1.0,1.0,1,1,0.0,,0.0,0,,4.709530201312334,9.095826985187422,8.888894669371593,False,False,True
1.0,1.0,0,1,0.0,360.0,1.0,1,0.01792114695340502,4.574710978503383,9.60784051043005,9.60784051043005,False,True,False
1.0,1.0,0,1,0.0,360.0,1.0,1,0.048250231282100355,4.804021044733257,8.848939995030118,7.888709524182015,True,False,False
0.0,0.0,1,0,0.0,360.0,1.0,0,0.048849326964828486,4.406719247264253,8.435332164935916,8.435332164935916,True,False,False
1.0,1.0,2,1,0.0,360.0,1.0,1,0.0622484320883647,4.897839799950911,8.688790784847216,8.688790784847216,False,True,False
1.0,1.0,0,1,0.0,360.0,1.0,1,0.0823081708504856,4.477336814478207,7.9851847886683345,7.979681302387741,True,False,False
1.0,0.0,0,0,0.0,180.0,1.0,1,0.12268433321064899,4.110873864173311,7.907651594711089,7.907651594711089,False,False,True
0.0,0.0,1,1,1.0,360.0,1.0,1,0.0483147804576376,5.017279836814924,9.062420241899561,9.062420241899561,False,True,False
1.0,0.0,0,1,0.0,360.0,0.0,0,0.04487179487179487,4.663439094112067,8.77971129020447,8.77971129020447,True,False,False
1.0,0.0,0,1,,360.0,1.0,1,0.08737185461323392,6.0063531596017325,9.463198053273784,9.463198053273784,False,True,False
1.0,1.0,0,1,0.0,360.0,1.0,1,0.08336248105398159,4.969813299576001,8.469262657658687,7.793999089503996,False,True,False
1.0,0.0,0,1,0.0,360.0,1.0,1,0.07407407407407407,4.61512051684126,8.229777750081887,8.229777750081887,False,False,True
0.0,,0,1,0.0,240.0,1.0,1,,,9.21512888870798,9.21512888870798,False,True,False
1.0,0.0,0,1,0.0,360.0,1.0,1,0.03677227664519166,3.9318256327243257,8.236950048061455,7.563719668414366,False,True,False
1.0,1.0,0,1,0.0,360.0,1.0,1,,,8.113426639943654,7.7025561132685825,False,False,True
1.0,0.0,0,1,1.0,360.0,0.0,0,0.04986985833760028,5.236441962829949,9.251194365984448,9.251194365984448,False,False,True
0.0,1.0,0,0,1.0,360.0,1.0,1,0.053673107439559414,4.9344739331306915,8.873888135154973,8.873888135154973,True,False,False
1.0,0.0,0,1,0.0,360.0,1.0,1,0.05954200417749249,5.236441962829949,9.073947747070628,8.205491613120236,False,True,False
1.0,1.0,0,1,0.0,360.0,1.0,1,0.051366344770906104,5.198497031265826,9.1834829178063,8.974871170971337,True,False,False
1.0,0.0,3,0,0.0,360.0,1.0,1,0.06135986733001658,5.003946305945459,8.81001204797317,8.457018468380168,False,True,False
1.0,0.0,1,1,0.0,360.0,1.0,1,0.011193886959416269,5.030437921392435,10.537945736747394,10.537945736747394,False,True,False
1.0,1.0,0,1,0.0,300.0,,1,0.03723562704795949,5.170483995038151,9.659311868393488,8.900276348631271,True,False,False
1.0,1.0,1,1,1.0,360.0,1.0,1,0.077226499382188,4.875197323201151,8.450412157725886,8.151044945685024,True,False,False
1.0,1.0,2,0,0.0,360.0,1.0,1,0.06568262157256138,4.709530201312334,8.445267451844648,8.445267451844648,True,False,False
1.0,1.0,0,1,,360.0,1.0,0,0.031083983271165367,4.02535169073515,8.500250470685925,8.17188200612782,True,False,False
1.0,1.0,2,1,0.0,360.0,0.0,0,0.08250825082508251,5.017279836814924,8.527341522468053,8.114025442356757,True,False,False
1.0,0.0,1,0,1.0,360.0,,0,0.12242583571741542,5.25227342804663,8.369157112588834,7.926602599181384,False,True,False
1.0,1.0,2,0,0.0,360.0,0.0,0,0.09742486594338447,4.836281906951478,8.178919332848396,7.745002803515839,True,False,False
1.0,1.0,2,0,0.0,300.0,,1,0.05858230814294083,4.110873864173311,8.13593277200489,7.580189417944541,False,False,True
1.0,1.0,0,1,0.0,360.0,0.0,0,0.0728549355551644,5.0106352940962555,8.645058562414134,8.28121766128665,True,False,False
1.0,1.0,0,1,0.0,180.0,0.0,1,0.10103051121438675,4.51085950651685,8.507142855562735,7.81762544305337,True,False,False
1.0,0.0,0,1,1.0,360.0,1.0,1,0.03293342742884028,4.442651256490317,8.865876285425417,8.865876285425417,False,True,False
1.0,1.0,2,1,0.0,360.0,1.0,1,0.0691025308801935,4.574710978503383,8.258422462458876,8.258422462458876,False,True,False
1.0,1.0,0,1,0.0,360.0,1.0,1,0.07620966700250588,4.77912349311153,8.366835309827675,8.366835309827675,False,False,True
1.0,1.0,0,1,0.0,360.0,1.0,0,0.07655815764785018,5.159055299214529,8.744806737401898,8.21851757748959,False,False,True
1.0,0.0,2,1,0.0,360.0,1.0,1,0.08676568162098709,4.919980925828125,8.379079889286603,8.379079889286603,True,False,False
1.0,1.0,0,1,0.0,360.0,1.0,0,0.0533290670079727,5.081404364984463,9.028218795184895,9.028218795184895,False,True,False
,1.0,0,1,1.0,360.0,,1,0.07207986448985476,5.081404364984463,8.726967774991493,7.642044402873258,False,True,False
1.0,1.0,3,1,0.0,180.0,1.0,1,0.0918748205569911,4.859812404361672,8.954286157204713,8.954286157204713,False,False,True
1.0,1.0,0,1,0.0,360.0,1.0,1,0.08168364405150874,5.0369526024136295,8.557182839632397,8.011686729127847,True,False,False
0.0,0.0,1,0,,360.0,1.0,1,0.07063507352469017,4.890349128221754,8.554874258383926,8.554874258383926,False,True,False
1.0,0.0,0,1,0.0,360.0,0.0,0,0.06534378833946765,4.59511985013459,8.334951631422454,8.334951631422454,False,True,False
1.0,0.0,0,1,0.0,360.0,1.0,1,0.06481481481481483,4.948759890378168,8.699681400989514,8.699681400989514,True,False,False
1.0,1.0,3,0,0.0,180.0,0.0,0,0.08433938167184751,4.2626798770413155,8.436416881388949,7.988882253309227,False,False,True
,1.0,0,1,0.0,360.0,1.0,1,0.018305508959714566,4.709530201312334,9.722744748855389,9.722744748855389,False,True,False
0.0,1.0,2,0,,360.0,1.0,1,0.08705539565789007,4.59511985013459,8.048149101665201,5.351858133476067,False,True,False
1.0,1.0,0,1,0.0,360.0,1.0,0,0.04504061844863731,4.709530201312334,8.82246957226897,8.374246182096304,False,False,True
1.0,1.0,1,1,1.0,360.0,1.0,1,0.08138903960933261,5.093750200806762,8.61794309451638,8.146419323098003,False,True,False
1.0,1.0,1,0,0.0,180.0,0.0,0,0.15116247959975387,4.736198448394496,8.331827004436057,7.8838232148921525,True,False,False
1.0,1.0,3,1,0.0,360.0,1.0,1,0.059215045358724745,4.61512051684126,8.453614209773367,8.453614209773367,False,True,False
0.0,0.0,0,1,1.0,360.0,,1,0.10333333333333333,4.543294782270004,7.824445930877619,7.824445930877619,False,False,True
1.0,0.0,2,1,0.0,360.0,1.0,1,0.04420432220039293,5.093750200806762,9.228278517107196,8.618485442898109,True,False,False
1.0,1.0,2,1,1.0,360.0,1.0,1,0.02375658057281867,5.017279836814924,9.772239265926174,9.71269017726113,True,False,False
1.0,1.0,2,1,0.0,300.0,1.0,1,0.09072978303747534,5.442417710521793,9.042040056544483,8.81001204797317,False,True,False
,1.0,2,1,0.0,360.0,0.0,0,0.07727432384966632,4.890349128221754,8.465057436995709,7.96346006663897,False,True,False
1.0,1.0,1,1,1.0,360.0,1.0,1,0.012628264993862076,4.465908118654584,9.847869128773116,9.721245992542345,False,True,False
1.0,1.0,2,1,0.0,360.0,1.0,0,,,8.423102268016642,7.988882253309227,False,False,True
0.0,0.0,0,0,0.0,360.0,1.0,1,0.0983397190293742,5.043425116919247,8.37816098272068,8.37816098272068,True,False,False
1.0,1.0,3,0,0.0,360.0,1.0,1,0.10141805779931791,4.736198448394496,8.037866234709618,8.037866234709618,True,False,False
1.0,1.0,0,1,0.0,360.0,1.0,1,0.06794487971633012,4.859812404361672,8.562931083090092,7.642044402873258,False,True,False
1.0,1.0,0,1,0.0,360.0,1.0,1,0.06000184621065264,5.459585514144159,9.290444616217844,9.290444616217844,False,True,False
1.0,1.0,2,1,0.0,360.0,1.0,1,0.08200328013120525,5.5093883366279774,9.0280988119824,9.0280988119824,False,True,False
1.0,1.0,1,0,0.0,360.0,1.0,1,0.08281494967885501,4.882801922586371,8.388222810119277,7.580189417944541,True,False,False
1.0,0.0,2,1,0.0,360.0,0.0,0,0.06265075337530934,4.394449154672439,8.17413934342947,8.17413934342947,True,False,False
1.0,1.0,1,1,0.0,360.0,1.0,0,0.07575895319308835,6.2166061010848646,9.816512538521721,9.816512538521721,False,False,True
1.0,1.0,2,1,1.0,360.0,1.0,1,0.06667333400006667,5.081404364984463,8.80492526261806,8.430327258394575,False,True,False
1.0,0.0,0,1,0.0,360.0,1.0,0,0.08555783709787818,4.330733340286331,7.798112628829788,7.798112628829788,False,False,True
1.0,0.0,0,0,0.0,360.0,,1,0.04862630683199611,4.574710978503383,8.609772372709331,7.90100705199242,False,True,False
1.0,1.0,1,0,0.0,360.0,,1,0.07992986798679867,5.231108616854587,8.774158291205957,8.58185670474196,False,False,True
1.0,0.0,0,0,0.0,360.0,1.0,1,0.08278394894488093,4.709530201312334,8.213923595622743,8.213923595622743,True,False,False
0.0,0.0,0,0,1.0,360.0,1.0,1,0.03620459943231188,5.420534999272286,9.756378687497916,9.756378687497916,False,True,False
1.0,1.0,0,1,0.0,360.0,0.0,0,0.05744795890781292,4.787491742782046,8.657824321155983,8.188133414510478,True,False,False
0.0,1.0,1,1,0.0,84.0,1.0,1,0.2948808681292758,4.663439094112067,8.352318548226004,8.109826276018477,False,True,False
1.0,1.0,0,0,0.0,360.0,1.0,1,0.06912144702842378,4.68213122712422,8.366602832783736,7.8636512654486515,True,False,False
1.0,1.0,0,1,0.0,12.0,,1,1.2363004544239509,4.718498871295094,8.920389060080359,8.439447842791385,False,False,True
1.0,1.0,1,1,1.0,360.0,1.0,1,0.09115332949529842,4.564348191467836,7.971085753505607,7.971085753505607,False,True,False
1.0,0.0,0,1,0.0,360.0,0.0,0,0.0542625998276059,5.3471075307174685,9.277999020449997,8.745761999375512,True,False,False
0.0,0.0,0,1,0.0,480.0,1.0,1,0.05439386937769562,4.736198448394496,8.37309184744198,6.470799503782602,True,False,False
0.0,0.0,0,1,0.0,360.0,1.0,1,0.08793218669761879,4.61512051684126,8.058327306580958,8.058327306580958,False,True,False
1.0,1.0,2,1,0.0,360.0,1.0,1,0.05508416224404403,5.342334251964811,9.258177701390343,8.490027523343468,False,True,False
1.0,1.0,1,0,0.0,360.0,,0,0.0409894496720844,4.9344739331306915,9.143452426434552,8.30671904320269,True,False,False
1.0,1.0,0,0,0.0,300.0,1.0,1,0.078031590208294,4.8283137373023015,8.575084669832014,8.246695943718557,False,True,False
1.0,1.0,2,1,0.0,360.0,1.0,1,0.08516275548826646,5.497168225293202,8.978029932837156,8.163656176168432,True,False,False
1.0,1.0,0,1,0.0,360.0,,1,0.048484848484848485,6.175867270105761,10.221977646629885,9.944341546544393,False,False,True
,0.0,0,1,0.0,360.0,1.0,0,0.07442552795608895,4.574710978503383,8.18423477409482,8.18423477409482,False,False,True
1.0,1.0,0,1,1.0,360.0,1.0,1,0.09508780448328881,5.241747015059643,8.61122983334262,7.8160138391590275,False,False,True
0.0,0.0,1,1,0.0,360.0,1.0,1,0.008378156470450242,3.713572066704308,9.492733482494353,9.492733482494353,False,False,True
1.0,0.0,0,0,0.0,360.0,1.0,0,0.05686341407938132,4.61512051684126,8.494129251817686,8.188411308079031,True,False,False
1.0,1.0,1,1,0.0,360.0,1.0,1,0.08606325993858525,5.5254529391317835,8.995908761263994,8.710454688248527,False,True,False
1.0,1.0,2,1,0.0,360.0,1.0,1,0.07730558689565835,5.003946305945459,8.579040594742317,8.096817470572319,False,False,True
1.0,1.0,0,1,0.0,180.0,1.0,0,0.04421201556262948,4.2626798770413155,9.082166033252674,7.664346632098617,False,True,False
1.0,0.0,0,1,0.0,360.0,1.0,0,0.09111790833128246,5.7430031878094825,9.157150543462064,8.668368019213355,True,False,False
1.0,1.0,3,1,0.0,360.0,1.0,1,0.06043902910743642,5.017279836814924,8.838551790227402,8.151044945685024,True,False,False
0.0,1.0,2,1,0.0,480.0,1.0,1,0.06426881426881427,4.736198448394496,8.20631072579402,7.616775808698373,False,True,False
1.0,1.0,0,0,0.0,360.0,0.0,0,0.07009984954178636,4.820281565605037,8.491875383431948,8.031060180240619,False,True,False
1.0,0.0,0,1,0.0,360.0,1.0,0,0.07788555454514837,5.225746673713202,8.794673401383422,8.451907724717607,False,True,False
0.0,0.0,0,0,0.0,360.0,1.0,0,0.07761437908496732,4.564348191467836,8.131824785007195,8.131824785007195,True,False,False
1.0,1.0,2,0,0.0,360.0,1.0,1,0.03177427554651754,3.828641396489095,8.277666160851503,7.693025748417888,False,True,False
1.0,0.0,0,1,0.0,360.0,1.0,1,0.06111111111111111,4.02535169073515,7.824445930877619,7.824445930877619,False,True,False
1.0,1.0,3,1,1.0,360.0,1.0,1,0.03911812107840836,4.61512051684126,8.868131713503033,8.644354337032917,True,False,False
1.0,1.0,2,1,1.0,360.0,1.0,1,0.08821842882978254,6.175867270105761,9.623442907213558,8.980801413573113,True,False,False
1.0,0.0,0,1,0.0,360.0,1.0,0,,,8.81996090128606,8.45126704130007,False,True,False
1.0,1.0,2,1,1.0,360.0,1.0,1,0.06349206349206349,5.993961427306569,9.770013301136158,9.770013301136158,True,False,False
1.0,1.0,0,1,0.0,360.0,1.0,1,0.08094186902133922,4.709530201312334,8.236420527265391,8.236420527265391,False,True,False
1.0,1.0,1,0,0.0,360.0,0.0,1,0.06660047985438901,5.087596335232384,8.812248018197431,8.572817095164234,False,True,False
1.0,0.0,1,0,0.0,360.0,1.0,1,0.06558932708141449,4.553876891600541,8.289539484624141,7.893572073504902,False,True,False
1.0,0.0,0,0,0.0,360.0,1.0,1,0.05323766933674054,4.875197323201151,8.822322177471738,8.822322177471738,False,True,False
1.0,1.0,0,1,0.0,360.0,,1,0.09195402298850575,5.37989735354046,8.783549477153265,6.933423025730715,True,False,False
1.0,1.0,3,1,0.0,360.0,1.0,1,0.06488618962340055,4.61512051684126,8.362175469149628,8.362175469149628,False,False,True
1.0,0.0,2,1,0.0,360.0,0.0,0,0.08516041124736777,4.709530201312334,8.185628891147607,8.185628891147607,True,False,False
1.0,0.0,1,1,0.0,360.0,,0,0.04839506172839506,5.2832037287379885,9.328212292571072,9.328212292571072,False,True,False
0.0,0.0,0,0,1.0,360.0,1.0,1,0.01911490350796709,4.836281906951478,9.80730699406216,9.80730699406216,False,False,True
1.0,0.0,0,0,,360.0,1.0,1,0.07621951219512195,4.844187086458591,8.432288684325794,7.844240718141811,True,False,False
1.0,1.0,0,1,0.0,360.0,1.0,1,0.08965036358203009,5.783825182329737,9.214332393245721,8.721602344674197,False,False,True
1.0,0.0,2,1,0.0,360.0,1.0,1,0.08217368598900256,4.68213122712422,8.193676665955241,8.193676665955241,False,True,False
1.0,1.0,0,0,0.0,360.0,1.0,0,0.05309392798532677,4.204692619390966,8.147288258706624,7.978653729082731,True,False,False
1.0,1.0,3,1,0.0,180.0,1.0,1,0.1359236749606081,5.062595033026967,8.766861821669803,8.766861821669803,True,False,False
0.0,1.0,1,1,0.0,180.0,1.0,1,0.10435767848890082,4.948759890378168,8.916506080039204,8.435766192720509,False,True,False
0.0,0.0,0,1,0.0,360.0,0.0,0,0.12862488306828812,4.605170185988092,7.668093709082406,7.668093709082406,False,True,False
0.0,0.0,1,1,,360.0,1.0,1,0.07225873189728613,4.564348191467836,8.203304026795282,8.203304026795282,False,True,False
1.0,1.0,1,0,0.0,360.0,1.0,1,0.07464949728229174,4.859812404361672,8.46884293047519,7.7142311448490855,False,False,True
0.0,1.0,0,0,0.0,360.0,,1,0.0769927536231884,4.634728988229636,8.210939733379021,8.012349639327795,False,True,False
1.0,1.0,0,1,0.0,360.0,1.0,1,0.0912580660355141,5.049856007249537,8.459352191726387,7.926241523170962,True,False,False
1.0,0.0,0,0,0.0,36.0,1.0,0,0.661769571835087,4.394449154672439,8.119398589612294,8.119398589612294,False,True,False
1.0,0.0,0,1,0.0,360.0,1.0,1,0.09347360821020603,4.983606621708336,8.368693183097793,7.834788107388194,True,False,False
0.0,0.0,0,1,0.0,360.0,0.0,0,0.057222222222222216,4.6443908991413725,8.517393171418904,8.517393171418904,False,True,False
1.0,1.0,0,1,0.0,360.0,1.0,1,0.06364414820986368,4.709530201312334,8.4767877767812,7.932362154339751,True,False,False
1.0,1.0,2,1,1.0,360.0,0.0,0,,,8.799963219506997,8.799963219506997,True,False,False
1.0,1.0,1,0,0.0,360.0,1.0,1,,,8.490438454107418,7.821242083523558,True,False,False
1.0,1.0,1,1,0.0,360.0,1.0,1,0.06667004236501427,5.0689042022202315,8.792397742356906,8.111928063310739,False,False,True
1.0,1.0,0,0,0.0,360.0,0.0,0,0.10502982614952533,5.204006687076795,8.473868066677865,7.805882040228621,False,False,True
1.0,1.0,0,1,0.0,180.0,0.0,0,0.09331127794036562,4.890349128221754,8.969541885423252,8.187021067343505,True,False,False
1.0,1.0,1,1,0.0,360.0,1.0,1,0.011111111111111112,3.295836866004329,8.77971129020447,8.606851063346772,False,True,False
0.0,0.0,0,1,0.0,360.0,,1,0.05436470953712333,4.442651256490317,8.36474106822456,7.889084407035514,False,False,True
1.0,1.0,3,1,1.0,360.0,1.0,1,0.07123209608661822,5.564520407322694,9.224243277145174,9.224243277145174,False,True,False
1.0,1.0,0,1,0.0,360.0,1.0,1,0.06863941427699817,5.093750200806762,8.788288460263619,8.265650165580329,False,True,False
0.0,1.0,0,1,0.0,360.0,1.0,1,0.07794566073937026,5.209486152841421,8.777555453213056,8.338305731356565,False,True,False
1.0,1.0,2,0,0.0,360.0,1.0,1,0.07658922644881287,4.6913478822291435,8.273336598504486,8.209580483475577,False,True,False
0.0,1.0,1,1,1.0,360.0,1.0,1,0.0855402723602272,6.398594934535208,9.87740021777281,9.87740021777281,False,True,False
1.0,1.0,0,1,0.0,360.0,1.0,1,0.07347512988731492,5.356586274672012,8.984443032465352,8.68676717538769,True,False,False
1.0,0.0,0,0,1.0,360.0,1.0,1,0.06321839080459771,4.890349128221754,8.665785595466064,8.665785595466064,False,True,False
1.0,1.0,2,1,0.0,360.0,0.0,0,0.08144864946774254,5.556828061699537,9.082507000466299,9.082507000466299,False,False,True
1.0,1.0,0,0,0.0,360.0,,1,0.07462129691814043,4.795790545596741,8.404696160189092,8.404696160189092,True,False,False
1.0,0.0,0,1,0.0,360.0,1.0,1,0.058339167250058346,4.2626798770413155,8.111928063310739,8.111928063310739,False,False,True
1.0,1.0,3,1,0.0,360.0,0.0,0,0.05790960451977401,4.820281565605037,8.682877107057168,8.131824785007195,True,False,False
0.0,0.0,0,1,0.0,360.0,1.0,0,0.010513036164844407,2.302585092994046,7.774435510302958,7.774435510302958,False,False,True
1.0,1.0,0,1,0.0,360.0,0.0,0,0.05523688124070534,4.653960350157523,8.562357743370612,8.06054004653864,False,False,True
1.0,1.0,1,1,0.0,360.0,1.0,1,0.09999354880330301,5.231108616854587,8.550241045462437,8.136810863675537,False,False,True
1.0,1.0,0,1,0.0,360.0,0.0,0,0.06979341150195421,5.111987788356544,8.789964651132264,8.540323608805092,False,False,True
1.0,1.0,2,1,0.0,360.0,1.0,1,0.04583516674000294,5.62040086571715,9.721185995542177,9.721185995542177,False,False,True
1.0,1.0,2,0,0.0,480.0,1.0,0,0.05026881720430107,5.236441962829949,8.955577146281511,8.72029728739272,False,True,False
1.0,1.0,3,1,0.0,360.0,1.0,0,0.06504318867728172,5.017279836814924,8.765146421639022,8.765146421639022,False,True,False
1.0,1.0,2,1,0.0,84.0,1.0,1,0.3551696921862668,4.6913478822291435,8.19450550976564,8.058327306580958,False,False,True
,1.0,0,1,0.0,360.0,0.0,0,0.07131919535166656,4.919980925828125,8.575084669832014,8.035278911144667,False,True,False
1.0,0.0,0,1,0.0,360.0,1.0,1,0.051198987190944296,4.709530201312334,8.69433468816865,8.080237416216702,False,False,True
1.0,1.0,1,1,0.0,360.0,1.0,1,0.07404639317942756,4.68213122712422,8.297792626380861,7.48605261786314,True,False,False
1.0,0.0,0,1,,360.0,1.0,1,0.07332713923958391,5.087596335232384,8.716044050161402,8.065579427282092,False,False,True
1.0,1.0,2,1,0.0,360.0,1.0,1,0.08707101597009854,5.327876168789581,8.785845337961213,8.785845337961213,False,True,False
1.0,0.0,0,1,0.0,360.0,1.0,0,0.007008101365178146,4.51085950651685,10.482177411118249,7.515889085215125,False,False,True
0.0,1.0,0,1,0.0,360.0,1.0,1,0.03158559696778269,3.6109179126442243,8.06054004653864,8.06054004653864,False,True,False
1.0,1.0,1,1,0.0,360.0,,0,0.09013002364066194,4.127134385045092,7.53955882930103,7.53955882930103,True,False,False
1.0,1.0,1,1,0.0,360.0,0.0,0,0.08621504157218443,4.990432586778736,8.45638105201948,7.933079771880415,True,False,False
1.0,1.0,1,1,0.0,84.0,1.0,0,0.28115049397487957,5.153291594497779,8.8934354408475,8.36264243156764,True,False,False
1.0,1.0,0,1,0.0,360.0,1.0,1,0.07564516598295075,4.653960350157523,8.24800570160062,7.739794458408701,False,False,True
0.0,0.0,0,0,0.0,360.0,1.0,1,0.08981267641775725,4.2626798770413155,7.680637427560936,7.680637427560936,False,True,False
,0.0,0,1,0.0,360.0,1.0,1,0.05497076023391812,4.553876891600541,8.46611040118692,8.46611040118692,False,True,False
1.0,1.0,2,1,1.0,360.0,0.0,0,0.10801336920192386,4.672828834461906,7.910957382845589,7.910957382845589,False,True,False
1.0,1.0,0,1,0.0,180.0,1.0,1,0.0484898863951233,4.04305126783455,8.766705997750515,8.006700845440367,False,True,False
1.0,1.0,2,1,1.0,240.0,1.0,0,0.1423611111111111,5.327876168789581,8.699681400989514,8.699681400989514,False,True,False
,0.0,3,1,1.0,360.0,1.0,1,0.08668495362948712,5.680172609017068,9.143986871426161,9.143986871426161,False,True,False
1.0,1.0,0,1,0.0,180.0,1.0,1,0.11019540283403952,4.962844630259907,8.87626525995469,8.258422462458876,True,False,False
1.0,1.0,0,1,1.0,360.0,1.0,1,0.044802867383512544,5.564520407322694,9.687878048875998,9.687878048875998,False,False,True
1.0,0.0,0,0,0.0,360.0,1.0,1,0.07971707684726208,4.709530201312334,8.251663923605589,8.251663923605589,True,False,False
1.0,1.0,2,0,1.0,360.0,1.0,0,0.07035682574081599,5.236441962829949,8.907070776182689,8.761550139129644,True,False,False
1.0,0.0,0,1,0.0,360.0,0.0,0,0.08183610460142098,4.48863636973214,8.002359546252707,8.002359546252707,False,True,False
1.0,1.0,0,1,1.0,360.0,1.0,1,0.05018568704205561,5.198497031265826,9.20673387638207,9.20673387638207,True,False,False
1.0,1.0,2,1,0.0,360.0,1.0,1,0.0922722029988466,5.262690188904886,8.662331957082475,8.662331957082475,False,False,True
0.0,0.0,3,1,,180.0,,0,0.04620498644213683,5.860786223465865,10.647422899928179,6.0330862217988015,False,False,True
1.0,1.0,0,0,,360.0,1.0,1,0.07572204635166295,5.049856007249537,8.645938147306799,7.970740390007095,True,False,False
1.0,1.0,3,1,0.0,360.0,1.0,1,0.06234535429695871,4.859812404361672,8.648922962094131,8.648922962094131,False,False,True
1.0,0.0,0,1,0.0,360.0,1.0,1,0.05989441867591548,5.153291594497779,8.984443032465352,8.209852481301272,True,False,False
0.0,1.0,1,1,0.0,360.0,1.0,1,0.11481481481481481,6.208590026096629,9.392745258631441,9.392745258631441,False,True,False
1.0,1.0,0,0,0.0,180.0,1.0,0,,,8.732465848349879,7.783640596221253,False,False,True
1.0,1.0,1,1,0.0,360.0,1.0,1,0.08145009416195857,5.159055299214529,8.682877107057168,8.131824785007195,False,True,False
1.0,1.0,2,0,0.0,360.0,1.0,1,0.08079123955374418,5.062595033026967,8.593969030218288,8.291045131081729,True,False,False
1.0,1.0,0,1,0.0,360.0,1.0,1,0.057892705519104595,4.6913478822291435,8.553139318189707,8.081165777725433,True,False,False
0.0,0.0,0,1,0.0,360.0,1.0,1,0.06800766283524905,4.276666119016055,7.972810784121404,7.972810784121404,True,False,False
1.0,1.0,3,1,0.0,180.0,1.0,1,0.0541213400443795,3.713572066704308,8.320448113956559,8.320448113956559,True,False,False
1.0,1.0,1,1,0.0,360.0,1.0,1,0.08454978077210994,5.537334267018537,9.025575833531088,8.996280439395015,False,False,True
1.0,1.0,2,1,0.0,360.0,1.0,1,0.06850117953902736,5.236441962829949,8.933796043934858,8.933796043934858,False,False,True
0.0,0.0,0,1,1.0,360.0,0.0,0,0.08061192329139089,4.897839799950911,8.430327258394575,8.430327258394575,False,True,False
